Class,File,Alt
i,abab984c-ce5d-11eb-b317-38f9d35ea60f.png,
i,abba3e7e-ce5d-11eb-b317-38f9d35ea60f.png,
i,abe3a16a-ce5d-11eb-b317-38f9d35ea60f.png,
i,abf15a58-ce5d-11eb-b317-38f9d35ea60f.png,ii
i,ac4b5256-ce5d-11eb-b317-38f9d35ea60f.png,ii
i,ac4f0d92-ce5d-11eb-b317-38f9d35ea60f.png,
i,ac4be2ca-ce5d-11eb-b317-38f9d35ea60f.png,
i,ac156ed4-ce5d-11eb-b317-38f9d35ea60f.png,iii
i,ac156ed4-ce5d-11eb-b317-38f9d35ea60f.png,iii
i,ac268e44-ce5d-11eb-b317-38f9d35ea60f.png,v
i,ac328dd4-ce5d-11eb-b317-38f9d35ea60f.png,
i,ac618bca-ce5d-11eb-b317-38f9d35ea60f.png,
ii,ab5d1a28-ce5d-11eb-b317-38f9d35ea60f.png,
ii,ab5ba788-ce5d-11eb-b317-38f9d35ea60f.png,x
ii,ab5d949e-ce5d-11eb-b317-38f9d35ea60f.png,v
ii,ab58d33c-ce5d-11eb-b317-38f9d35ea60f.png,
ii,ab48e396-ce5d-11eb-b317-38f9d35ea60f.png,v
ii,ab78ecc6-ce5d-11eb-b317-38f9d35ea60f.png,
ii,ab311ffe-ce5d-11eb-b317-38f9d35ea60f.png,
ii,ab344f08-ce5d-11eb-b317-38f9d35ea60f.png,
ii,ab526a6a-ce5d-11eb-b317-38f9d35ea60f.png,
iii,b0dafcb8-ce5d-11eb-b317-38f9d35ea60f.png,
iii,b0a8e61a-ce5d-11eb-b317-38f9d35ea60f.png,
iii,b0e42f40-ce5d-11eb-b317-38f9d35ea60f.png,ii
iii,b03e7db6-ce5d-11eb-b317-38f9d35ea60f.png,
iii,b03b3520-ce5d-11eb-b317-38f9d35ea60f.png,
iii,b030ba5a-ce5d-11eb-b317-38f9d35ea60f.png,
iii,b033b638-ce5d-11eb-b317-38f9d35ea60f.png,
iii,b053b2c6-ce5d-11eb-b317-38f9d35ea60f.png,
iii,b058e836-ce5d-11eb-b317-38f9d35ea60f.png,
iii,b0356104-ce5d-11eb-b317-38f9d35ea60f.png,
iii,b0669cf6-ce5d-11eb-b317-38f9d35ea60f.png,
iv,adf5ad04-ce5d-11eb-b317-38f9d35ea60f.png,
iv,adf813d2-ce5d-11eb-b317-38f9d35ea60f.png,
iv,adf35f18-ce5d-11eb-b317-38f9d35ea60f.png,
iv,adfd451e-ce5d-11eb-b317-38f9d35ea60f.png,
iv,ae0aee76-ce5d-11eb-b317-38f9d35ea60f.png,
iv,ae2c4a76-ce5d-11eb-b317-38f9d35ea60f.png,
iv,ae2ccd52-ce5d-11eb-b317-38f9d35ea60f.png,
iv,ae2b8a14-ce5d-11eb-b317-38f9d35ea60f.png,
iv,ae402c30-ce5d-11eb-b317-38f9d35ea60f.png,
iv,ae56204e-ce5d-11eb-b317-38f9d35ea60f.png,
iv,ae285998-ce5d-11eb-b317-38f9d35ea60f.png,
iv,ae507428-ce5d-11eb-b317-38f9d35ea60f.png,
iv,ae482476-ce5d-11eb-b317-38f9d35ea60f.png,
iv,ae725156-ce5d-11eb-b317-38f9d35ea60f.png,
iv,ae890928-ce5d-11eb-b317-38f9d35ea60f.png,
ix,ae906772-ce5d-11eb-b317-38f9d35ea60f.png,
ix,aea51e88-ce5d-11eb-b317-38f9d35ea60f.png,
ix,aeb1e50a-ce5d-11eb-b317-38f9d35ea60f.png,
ix,aeb3d252-ce5d-11eb-b317-38f9d35ea60f.png,
ix,aeb08eb2-ce5d-11eb-b317-38f9d35ea60f.png,
ix,aeba70da-ce5d-11eb-b317-38f9d35ea60f.png,
ix,aebd296a-ce5d-11eb-b317-38f9d35ea60f.png,ii
ix,aec04e56-ce5d-11eb-b317-38f9d35ea60f.png,
ix,aec595aa-ce5d-11eb-b317-38f9d35ea60f.png,
ix,aed0b9b2-ce5d-11eb-b317-38f9d35ea60f.png,
ix,aedc86ac-ce5d-11eb-b317-38f9d35ea60f.png,
ix,aedb4652-ce5d-11eb-b317-38f9d35ea60f.png,
ix,aee14818-ce5d-11eb-b317-38f9d35ea60f.png,
ix,aee49716-ce5d-11eb-b317-38f9d35ea60f.png,
ix,aee98348-ce5d-11eb-b317-38f9d35ea60f.png,
ix,aefd90f4-ce5d-11eb-b317-38f9d35ea60f.png,
ix,af03e260-ce5d-11eb-b317-38f9d35ea60f.png,
ix,af047216-ce5d-11eb-b317-38f9d35ea60f.png,iv
ix,af058688-ce5d-11eb-b317-38f9d35ea60f.png,iv
v,af1ddfb2-ce5d-11eb-b317-38f9d35ea60f.png,x
v,af2f5922-ce5d-11eb-b317-38f9d35ea60f.png,
v,af2fef0e-ce5d-11eb-b317-38f9d35ea60f.png,
v,af3d0db0-ce5d-11eb-b317-38f9d35ea60f.png,
v,af4b6a7c-ce5d-11eb-b317-38f9d35ea60f.png,
v,af4fe8b8-ce5d-11eb-b317-38f9d35ea60f.png,
v,af6dafb0-ce5d-11eb-b317-38f9d35ea60f.png,
v,af6c0ae8-ce5d-11eb-b317-38f9d35ea60f.png,
v,af8b9bba-ce5d-11eb-b317-38f9d35ea60f.png,
v,af28ef1a-ce5d-11eb-b317-38f9d35ea60f.png,
v,af23fcb2-ce5d-11eb-b317-38f9d35ea60f.png,
v,af71d1f8-ce5d-11eb-b317-38f9d35ea60f.png,ii
v,af88d308-ce5d-11eb-b317-38f9d35ea60f.png,
v,af93cf92-ce5d-11eb-b317-38f9d35ea60f.png,
v,af357f8c-ce5d-11eb-b317-38f9d35ea60f.png,x
v,af209efa-ce5d-11eb-b317-38f9d35ea60f.png,
v,af644de4-ce5d-11eb-b317-38f9d35ea60f.png,
v,af4714b8-ce5d-11eb-b317-38f9d35ea60f.png,
v,af662100-ce5d-11eb-b317-38f9d35ea60f.png,ii
vi,ab1e53ba-ce5d-11eb-b317-38f9d35ea60f.png,
vi,ab23f0b8-ce5d-11eb-b317-38f9d35ea60f.png,
vi,ab24bd22-ce5d-11eb-b317-38f9d35ea60f.png,
vi,ab1785a8-ce5d-11eb-b317-38f9d35ea60f.png,x
vi,ab2356ee-ce5d-11eb-b317-38f9d35ea60f.png,
vii,ac8ceffe-ce5d-11eb-b317-38f9d35ea60f.png,
vii,acaf1e26-ce5d-11eb-b317-38f9d35ea60f.png,
vii,aca544e6-ce5d-11eb-b317-38f9d35ea60f.png,
vii,aca3b2e8-ce5d-11eb-b317-38f9d35ea60f.png,
vii,acdcf062-ce5d-11eb-b317-38f9d35ea60f.png,
vii,ad03d60a-ce5d-11eb-b317-38f9d35ea60f.png,
vii,acf31810-ce5d-11eb-b317-38f9d35ea60f.png,
vii,ac7a35c6-ce5d-11eb-b317-38f9d35ea60f.png,
viii,ad1a9a16-ce5d-11eb-b317-38f9d35ea60f.png,
viii,ad1a0948-ce5d-11eb-b317-38f9d35ea60f.png,
viii,ad3dd9fe-ce5d-11eb-b317-38f9d35ea60f.png,
viii,ad4eb472-ce5d-11eb-b317-38f9d35ea60f.png,iii
viii,ad9a139a-ce5d-11eb-b317-38f9d35ea60f.png,ii
viii,ad18dbae-ce5d-11eb-b317-38f9d35ea60f.png,
viii,ad9404f0-ce5d-11eb-b317-38f9d35ea60f.png,
viii,ad53785e-ce5d-11eb-b317-38f9d35ea60f.png,
viii,adb07b4e-ce5d-11eb-b317-38f9d35ea60f.png,
viii,adbc7d54-ce5d-11eb-b317-38f9d35ea60f.png,
viii,adc2d0b4-ce5d-11eb-b317-38f9d35ea60f.png,
viii,adc4777a-ce5d-11eb-b317-38f9d35ea60f.png,
viii,adaca514-ce5d-11eb-b317-38f9d35ea60f.png,
viii,ad7dedc8-ce5d-11eb-b317-38f9d35ea60f.png,
x,afb4e51a-ce5d-11eb-b317-38f9d35ea60f.png,
x,afbd2a68-ce5d-11eb-b317-38f9d35ea60f.png,
x,afc10ba6-ce5d-11eb-b317-38f9d35ea60f.png,
x,afc8f028-ce5d-11eb-b317-38f9d35ea60f.png,
x,afc266fe-ce5d-11eb-b317-38f9d35ea60f.png,
x,afce9924-ce5d-11eb-b317-38f9d35ea60f.png,
x,afd99e50-ce5d-11eb-b317-38f9d35ea60f.png,
x,afd7564a-ce5d-11eb-b317-38f9d35ea60f.png,
x,afe2c354-ce5d-11eb-b317-38f9d35ea60f.png,
x,afe40e94-ce5d-11eb-b317-38f9d35ea60f.png,
x,aff0325a-ce5d-11eb-b317-38f9d35ea60f.png,
x,b0062b82-ce5d-11eb-b317-38f9d35ea60f.png,
x,b0156f52-ce5d-11eb-b317-38f9d35ea60f.png,
x,b0235b76-ce5d-11eb-b317-38f9d35ea60f.png,
x,b02931ea-ce5d-11eb-b317-38f9d35ea60f.png,
x,b0059456-ce5d-11eb-b317-38f9d35ea60f.png,
